{
  "resources": [
    "..\\..\\assets\\sounds\\sfx.ogg",
    "..\\..\\assets\\sounds\\sfx.m4a",
    "..\\..\\assets\\sounds\\sfx.mp3",
    "..\\..\\assets\\sounds\\sfx.ac3"
  ],
  "spritemap": {
    "sound 1": {
      "start": 0,
      "end": 40.04571428571428,
      "loop": false
    },
    "sound 10": {
      "start": 42,
      "end": 42.47020408163265,
      "loop": false
    },
    "sound 11": {
      "start": 44,
      "end": 44.44408163265306,
      "loop": false
    },
    "sound 12": {
      "start": 46,
      "end": 47.201632653061225,
      "loop": false
    },
    "sound 13": {
      "start": 49,
      "end": 49.83591836734694,
      "loop": false
    },
    "sound 14": {
      "start": 51,
      "end": 51.70530612244898,
      "loop": false
    },
    "sound 15": {
      "start": 53,
      "end": 53.23510204081633,
      "loop": false
    },
    "sound 16": {
      "start": 55,
      "end": 55.182857142857145,
      "loop": false
    },
    "sound 17": {
      "start": 57,
      "end": 57.182857142857145,
      "loop": false
    },
    "sound 18": {
      "start": 59,
      "end": 59.182857142857145,
      "loop": false
    },
    "sound 19": {
      "start": 61,
      "end": 62.14938775510204,
      "loop": false
    },
    "sound 2": {
      "start": 64,
      "end": 360.1240816326531,
      "loop": false
    },
    "sound 20": {
      "start": 362,
      "end": 362.3134693877551,
      "loop": false
    },
    "sound 21": {
      "start": 364,
      "end": 364.9804535147392,
      "loop": false
    },
    "sound 22": {
      "start": 366,
      "end": 367.2895918367347,
      "loop": false
    },
    "sound 23": {
      "start": 369,
      "end": 369.8304761904762,
      "loop": false
    },
    "sound 24": {
      "start": 371,
      "end": 371.574693877551,
      "loop": false
    },
    "sound 25": {
      "start": 373,
      "end": 373.3395918367347,
      "loop": false
    },
    "sound 26": {
      "start": 375,
      "end": 375.8881632653061,
      "loop": false
    },
    "sound 27": {
      "start": 377,
      "end": 377.2704081632653,
      "loop": false
    },
    "sound 28": {
      "start": 379,
      "end": 379.47020408163263,
      "loop": false
    },
    "sound 29": {
      "start": 381,
      "end": 381.6008163265306,
      "loop": false
    },
    "sound 3": {
      "start": 383,
      "end": 403.06204081632654,
      "loop": false
    },
    "sound 4": {
      "start": 405,
      "end": 405.4179591836735,
      "loop": false
    },
    "sound 5": {
      "start": 407,
      "end": 407.4440816326531,
      "loop": false
    },
    "sound 6": {
      "start": 409,
      "end": 409.2612244897959,
      "loop": false
    },
    "sound 7": {
      "start": 411,
      "end": 411.3395918367347,
      "loop": false
    },
    "sound 8": {
      "start": 413,
      "end": 423.24,
      "loop": false
    },
    "sound 9": {
      "start": 425,
      "end": 425.574693877551,
      "loop": false
    }
  }
}